time,open,high,low,close,vwap,volume,trades
2026-03-21 06:00:00+00:00,70692.2,70799.8,70690.6,70760.5,70746.2,8.15692807,755
2026-03-21 07:00:00+00:00,70760.6,70850.2,70660.1,70692.5,70768.5,19.11578633,860
2026-03-21 08:00:00+00:00,70695.6,70732.1,70484.2,70580.2,70571.5,17.1913268,740
2026-03-21 09:00:00+00:00,70580.3,70729.7,70577.5,70632.5,70662.8,310.85801088,1046
2026-03-21 10:00:00+00:00,70632.5,70663.6,70559.0,70585.1,70576.0,11.07653654,592
2026-03-21 11:00:00+00:00,70585.2,70633.6,70570.0,70633.6,70588.8,3.87108327,536
2026-03-21 12:00:00+00:00,70633.6,70764.8,70633.6,70707.2,70715.4,11.31428083,943
2026-03-21 13:00:00+00:00,70707.3,70783.8,70691.0,70717.0,70727.6,8.88426684,908
2026-03-21 14:00:00+00:00,70717.0,71071.7,70586.7,70620.4,70890.6,48.00451756,1844
2026-03-21 15:00:00+00:00,70620.4,70743.5,70450.0,70632.6,70569.2,14.13915352,1728
2026-03-21 16:00:00+00:00,70632.6,70632.6,70244.8,70286.8,70429.0,29.58883643,1498
2026-03-21 17:00:00+00:00,70286.8,70409.2,70189.5,70311.6,70282.0,28.51020284,1471
2026-03-21 18:00:00+00:00,70309.0,70500.7,70293.5,70382.2,70387.7,15.12375427,1284
2026-03-21 19:00:00+00:00,70382.2,70427.6,70320.0,70380.6,70359.2,7.22696975,984
2026-03-21 20:00:00+00:00,70380.7,70491.0,70344.6,70448.9,70398.1,17.75224138,1249
2026-03-21 21:00:00+00:00,70448.8,70495.1,70238.0,70352.4,70356.6,22.49601002,1138
2026-03-21 22:00:00+00:00,70352.4,70354.1,70255.1,70283.0,70304.1,8.43660149,1008
2026-03-21 23:00:00+00:00,70278.2,70278.2,68538.3,68907.7,69232.8,256.42578359,4979
2026-03-22 00:00:00+00:00,68907.7,69125.6,68250.1,68941.0,68693.9,147.32415237,5332
2026-03-22 01:00:00+00:00,68941.1,69081.0,68763.1,68952.6,68943.8,30.52421443,1945
2026-03-22 02:00:00+00:00,68952.6,69402.7,68952.6,69276.0,69224.6,30.17249647,2077
2026-03-22 03:00:00+00:00,69276.0,69569.5,69121.5,69332.6,69386.0,23.33654909,1545
2026-03-22 04:00:00+00:00,69332.6,69509.4,69204.6,69352.2,69322.3,16.66416475,1216
2026-03-22 05:00:00+00:00,69340.5,69343.3,69145.4,69145.5,69198.9,21.65882057,972
2026-03-22 06:00:00+00:00,69145.5,69213.3,69070.6,69141.1,69152.1,29.65165908,925
2026-03-22 07:00:00+00:00,69141.2,69227.4,68902.1,68902.2,69059.5,18.5360327,1327
2026-03-22 08:00:00+00:00,68902.2,68973.0,68561.0,68795.8,68778.3,47.53010411,1903
2026-03-22 09:00:00+00:00,68795.8,68880.6,68573.0,68819.8,68746.4,10.93452053,1218
2026-03-22 10:00:00+00:00,68819.9,68819.9,68597.4,68656.4,68683.8,7.75837317,1109
2026-03-22 11:00:00+00:00,68656.4,68671.4,68123.6,68208.0,68338.1,72.02113653,2400
2026-03-22 12:00:00+00:00,68211.0,68731.6,68172.6,68655.0,68445.0,39.54767873,1757
2026-03-22 13:00:00+00:00,68655.1,68940.2,68544.2,68702.3,68744.6,45.39831668,1942
2026-03-22 14:00:00+00:00,68702.3,68894.4,68555.9,68710.8,68725.3,47.62896951,1724
2026-03-22 15:00:00+00:00,68710.9,68979.5,68710.9,68824.7,68872.2,53.58402711,1802
2026-03-22 16:00:00+00:00,68824.7,68858.8,68693.2,68819.1,68776.7,22.66922667,1507
2026-03-22 17:00:00+00:00,68819.1,68833.1,68668.4,68684.5,68721.2,48.63295518,1443
2026-03-22 18:00:00+00:00,68684.5,68738.4,68363.9,68599.4,68557.0,34.10624438,1811
2026-03-22 19:00:00+00:00,68599.5,68619.8,68110.8,68180.2,68214.9,217.69368302,2538
2026-03-22 20:00:00+00:00,68180.2,68484.1,68075.0,68184.3,68271.5,41.41899475,1974
2026-03-22 21:00:00+00:00,68184.3,68199.9,67343.1,67871.0,67693.4,317.2039757,5421
2026-03-22 22:00:00+00:00,67872.4,68377.0,67571.2,68309.1,68063.3,75.77657761,2795
2026-03-22 23:00:00+00:00,68309.1,68443.6,67843.7,67857.1,68135.9,38.55565229,1958
2026-03-23 00:00:00+00:00,67857.1,68144.2,67443.2,67677.5,67836.6,64.2789601,2747
2026-03-23 01:00:00+00:00,67677.5,68124.0,67544.3,67900.1,67991.4,40.07561481,2024
2026-03-23 02:00:00+00:00,67900.1,68353.3,67808.6,68308.0,68178.8,44.55814671,1676
2026-03-23 03:00:00+00:00,68307.1,68556.9,68047.4,68057.3,68336.9,38.41241538,1517
2026-03-23 04:00:00+00:00,68057.3,68520.1,68034.2,68519.7,68272.8,28.06815238,1211
2026-03-23 05:00:00+00:00,68519.7,68869.5,68519.7,68869.5,68695.7,85.44347238,2183
2026-03-23 06:00:00+00:00,68869.5,68876.9,67692.8,67837.4,68060.3,49.6238834,2345
2026-03-23 07:00:00+00:00,67837.4,68429.2,67500.1,68297.8,67997.8,103.29745529,2586
2026-03-23 08:00:00+00:00,68307.0,68665.6,68307.0,68424.2,68532.7,69.19712375,2087
2026-03-23 09:00:00+00:00,68424.2,68445.8,67911.8,68284.3,68231.8,38.9660665,1721
2026-03-23 10:00:00+00:00,68303.8,68702.5,68287.7,68540.9,68461.8,54.34848912,1820
2026-03-23 11:00:00+00:00,68540.9,71479.0,68540.8,70070.8,70565.7,650.5761302,11099
2026-03-23 12:00:00+00:00,70089.5,70847.4,69669.6,70719.9,70269.6,245.06506018,5192
2026-03-23 13:00:00+00:00,70719.9,71605.6,70590.0,71442.6,71111.1,209.65268008,5785
2026-03-23 14:00:00+00:00,71442.7,71816.6,71131.4,71448.9,71510.4,203.18121673,4713
2026-03-23 15:00:00+00:00,71437.7,71624.1,70101.0,70103.8,70863.1,192.61761774,5094
2026-03-23 16:00:00+00:00,70109.4,70714.2,70109.4,70533.8,70436.3,103.99790085,3760
2026-03-23 17:00:00+00:00,70533.8,71085.2,70340.6,71067.7,70763.1,77.59126525,3320
2026-03-23 18:00:00+00:00,71067.8,71164.8,70864.8,71061.8,71024.0,57.46412901,3085
2026-03-23 19:00:00+00:00,71061.8,71200.0,70650.1,70679.3,70973.2,97.28658139,2488
2026-03-23 20:00:00+00:00,70662.6,70967.9,70561.7,70888.0,70789.0,43.22350088,1488
2026-03-23 21:00:00+00:00,70895.1,70978.7,70813.1,70833.4,70903.3,22.0772831,1164
2026-03-23 22:00:00+00:00,70836.4,70866.7,70499.3,70761.2,70592.2,144.23998522,1677
2026-03-23 23:00:00+00:00,70761.2,70951.9,70394.1,70887.2,70676.5,189.40666586,1749
2026-03-24 00:00:00+00:00,70887.2,71067.4,70421.1,70671.3,70821.9,47.42072013,2129
2026-03-24 01:00:00+00:00,70671.4,70850.2,70263.0,70492.6,70560.4,121.87512649,2086
2026-03-24 02:00:00+00:00,70492.7,70675.0,70344.5,70428.3,70500.1,20.31166943,1596
2026-03-24 03:00:00+00:00,70428.3,70554.6,70384.1,70512.4,70450.9,23.34117214,1293
2026-03-24 04:00:00+00:00,70512.4,70705.8,70253.6,70358.7,70584.7,72.92446295,1622
2026-03-24 05:00:00+00:00,70358.7,70358.7,70100.0,70246.3,70218.0,21.90423002,1512
2026-03-24 06:00:00+00:00,70258.6,70531.7,70252.0,70500.4,70401.2,18.84037865,1189
2026-03-24 07:00:00+00:00,70500.4,71369.0,70479.0,71272.6,70952.2,99.08931107,2382
2026-03-24 08:00:00+00:00,71272.7,71313.5,70846.0,70962.0,71061.9,25.41296918,1563
2026-03-24 09:00:00+00:00,70962.0,71333.8,70846.6,71306.2,71063.9,51.7814811,1417
2026-03-24 10:00:00+00:00,71306.2,71306.2,71083.0,71239.5,71178.7,42.41875088,1447
2026-03-24 11:00:00+00:00,71239.5,71322.2,70953.7,71118.3,71144.5,35.97584203,1612
2026-03-24 12:00:00+00:00,71118.3,71161.1,70858.8,70925.1,70979.9,35.78690074,1657
2026-03-24 13:00:00+00:00,70925.2,71036.4,69970.7,70073.3,70336.7,157.82209013,4300
2026-03-24 14:00:00+00:00,70073.3,70434.8,69500.0,69824.8,69892.5,174.29638221,4794
2026-03-24 15:00:00+00:00,69845.5,70216.9,69757.6,69860.8,70029.3,69.83053036,3427
2026-03-24 16:00:00+00:00,69860.9,69973.9,69354.9,69438.9,69612.1,120.86741909,3823
2026-03-24 17:00:00+00:00,69438.9,69487.8,68902.0,69204.2,69164.2,475.87261989,4913
2026-03-24 18:00:00+00:00,69204.3,69705.0,69155.1,69403.6,69421.1,120.26986859,3342
2026-03-24 19:00:00+00:00,69403.6,69658.8,69266.0,69322.9,69516.8,44.10228353,2322
2026-03-24 20:00:00+00:00,69323.0,70257.7,69266.0,70058.2,69964.3,157.74366361,3511
2026-03-24 21:00:00+00:00,70058.2,70355.4,69877.8,70282.1,70104.0,56.25346104,2262
2026-03-24 22:00:00+00:00,70282.1,70549.3,70122.8,70286.5,70349.8,107.21902735,2504
2026-03-24 23:00:00+00:00,70286.6,70780.0,70246.6,70515.6,70615.1,57.09572128,2160
2026-03-25 00:00:00+00:00,70515.6,70996.5,70452.5,70801.3,70828.6,73.89548253,2275
2026-03-25 01:00:00+00:00,70801.3,70932.4,70604.4,70674.2,70772.6,28.24728569,1735
2026-03-25 02:00:00+00:00,70659.9,70719.7,70477.2,70488.3,70593.2,22.54693323,1691
2026-03-25 03:00:00+00:00,70488.4,70769.2,70374.0,70700.5,70575.5,26.76174298,1489
2026-03-25 04:00:00+00:00,70700.6,70935.0,70678.5,70920.7,70792.5,41.44075752,1432
2026-03-25 05:00:00+00:00,70932.8,71309.7,70919.5,71086.0,71145.4,66.29832997,2230
2026-03-25 06:00:00+00:00,71086.0,71223.6,70978.8,70978.8,71116.7,33.3962204,1449
2026-03-25 07:00:00+00:00,70978.8,71233.8,70855.2,70897.1,71007.1,79.3329922,1681
2026-03-25 08:00:00+00:00,70897.2,71475.0,70791.4,71232.9,71262.9,87.94051506,2270
2026-03-25 09:00:00+00:00,71232.9,71375.7,71093.2,71333.4,71269.2,41.80765606,1515
2026-03-25 10:00:00+00:00,71333.5,71586.4,71286.9,71477.3,71453.9,57.29215873,1703
2026-03-25 11:00:00+00:00,71477.4,71985.0,71459.7,71658.8,71762.2,104.31363395,3023
2026-03-25 12:00:00+00:00,71658.9,71912.2,71122.7,71696.6,71568.2,120.44089474,3179
2026-03-25 13:00:00+00:00,71696.7,71920.9,71505.1,71560.8,71668.0,108.73152122,3095
2026-03-25 14:00:00+00:00,71560.8,71657.1,71221.2,71224.2,71433.1,132.24814307,3250
2026-03-25 15:00:00+00:00,71224.1,71286.5,70543.1,70832.6,70848.2,129.30814775,4207
2026-03-25 16:00:00+00:00,70825.0,71755.2,70723.2,71318.1,71293.3,130.0838014,3790
2026-03-25 17:00:00+00:00,71318.1,71366.6,70720.0,70744.4,71006.4,97.92366116,2656
2026-03-25 18:00:00+00:00,70744.4,71111.6,70652.5,70765.8,70897.9,28.28085857,2068
2026-03-25 19:00:00+00:00,70765.8,71063.3,70760.8,70838.6,70872.5,27.45483654,2170
2026-03-25 20:00:00+00:00,70838.6,71029.7,70638.0,70982.4,70815.8,66.7112238,2363
2026-03-25 21:00:00+00:00,70982.4,71144.3,70936.8,70996.1,71015.1,34.51966244,1899
2026-03-25 22:00:00+00:00,70996.1,71548.0,70932.2,71341.4,71279.6,47.92793938,1930
2026-03-25 23:00:00+00:00,71341.4,71411.9,71172.0,71309.6,71331.8,28.81738929,1606
2026-03-26 00:00:00+00:00,71302.2,71406.2,71121.9,71276.1,71293.2,174.17907474,4015
2026-03-26 01:00:00+00:00,71276.2,71328.4,71148.2,71243.8,71261.5,167.08513638,3308
2026-03-26 02:00:00+00:00,71243.8,71250.5,70676.0,70862.8,70812.6,91.29606737,1836
2026-03-26 03:00:00+00:00,70862.8,70940.1,70676.0,70857.5,70766.3,23.44581578,1302
2026-03-26 04:00:00+00:00,70872.7,70875.2,70686.9,70747.0,70796.5,42.40901748,1362
2026-03-26 05:00:00+00:00,70747.0,70747.0,69938.5,69975.4,70358.2,180.97268395,2736
2026-03-26 06:00:00+00:00,69975.4,70116.5,69823.7,70053.9,69993.1,47.2984024,1784
2026-03-26 07:00:00+00:00,70055.3,70129.9,69779.9,70054.7,69956.9,21.87300288,1595
2026-03-26 08:00:00+00:00,70054.7,70096.0,69771.0,69974.8,69887.1,29.84499687,1512
2026-03-26 09:00:00+00:00,69974.9,70110.1,69376.0,69547.4,69637.4,103.94540202,2778
2026-03-26 10:00:00+00:00,69536.3,69664.0,69450.0,69461.6,69554.1,27.78861814,1473
2026-03-26 11:00:00+00:00,69461.6,69623.1,69178.5,69255.6,69377.8,71.50988704,2155
2026-03-26 12:00:00+00:00,69255.6,69421.7,69215.9,69421.7,69305.4,49.83154834,2080
2026-03-26 13:00:00+00:00,69421.7,69830.1,69196.0,69611.1,69479.6,125.01364033,3171
2026-03-26 14:00:00+00:00,69615.9,69801.5,69219.1,69447.7,69543.5,75.19719466,3137
2026-03-26 15:00:00+00:00,69447.7,69447.7,68685.0,69050.0,68985.4,224.66139122,4549
2026-03-26 16:00:00+00:00,69050.0,69050.0,68800.1,68881.2,68936.0,109.52791423,2543
2026-03-26 17:00:00+00:00,68881.2,69122.8,68400.0,68439.9,68569.6,148.49463385,3081
2026-03-26 18:00:00+00:00,68440.0,68582.4,68115.8,68446.4,68335.3,186.20050406,4188
2026-03-26 19:00:00+00:00,68446.4,68626.0,68321.0,68485.0,68519.1,167.07464576,2665
2026-03-26 20:00:00+00:00,68479.5,69402.8,68395.7,68968.4,69030.0,161.62059818,3930
2026-03-26 21:00:00+00:00,68968.4,69143.2,68850.0,68881.6,68941.3,44.40590143,1920
2026-03-26 22:00:00+00:00,68881.6,68971.0,68576.1,68834.7,68792.9,126.59506487,1995
2026-03-26 23:00:00+00:00,68834.8,68940.8,68592.6,68780.4,68711.8,165.66576718,1771
2026-03-27 00:00:00+00:00,68780.4,68911.2,68501.1,68728.8,68732.2,98.0091318,1937
2026-03-27 01:00:00+00:00,68728.8,69000.0,68659.4,68995.9,68838.0,22.74684133,1373
2026-03-27 02:00:00+00:00,68995.9,69112.0,68834.2,68870.2,68942.0,34.78838663,1395
2026-03-27 03:00:00+00:00,68870.2,68870.2,68650.0,68730.6,68727.4,23.26511746,1277
2026-03-27 04:00:00+00:00,68730.6,68749.9,68243.3,68537.2,68445.7,55.51386709,2242
2026-03-27 05:00:00+00:00,68537.2,68797.6,68483.3,68571.7,68625.9,13.98880761,1378
2026-03-27 06:00:00+00:00,68571.8,68789.8,68527.5,68606.3,68683.2,28.35806312,1320
2026-03-27 07:00:00+00:00,68606.4,68903.8,68394.2,68466.8,68689.1,81.82160331,1858
2026-03-27 08:00:00+00:00,68476.0,68569.2,67571.0,67892.6,67842.2,262.82360262,4570
2026-03-27 09:00:00+00:00,67892.7,67904.3,67521.8,67656.2,67782.7,94.66889255,2349
2026-03-27 10:00:00+00:00,67656.2,67724.6,66317.6,66457.8,66882.7,363.94088075,6674
2026-03-27 11:00:00+00:00,66459.1,66813.5,66214.0,66670.1,66521.0,87.86952839,3128
2026-03-27 12:00:00+00:00,66670.1,66735.1,66398.5,66593.4,66543.4,93.76032557,2958
2026-03-27 13:00:00+00:00,66593.4,66694.9,66006.2,66144.6,66416.1,262.86297378,4382
2026-03-27 14:00:00+00:00,66144.6,66352.0,65680.3,66166.2,66016.8,531.13379579,5202
2026-03-27 15:00:00+00:00,66163.1,66588.5,65941.3,66074.2,66239.6,149.14096976,3185
2026-03-27 16:00:00+00:00,66074.3,66119.9,65778.5,65950.3,65906.8,111.7949113,2962
2026-03-27 17:00:00+00:00,65950.3,66266.2,65561.7,65600.1,65843.6,145.01812276,3114
2026-03-27 18:00:00+00:00,65600.1,65898.1,65519.7,65809.4,65718.2,64.74820312,2494
2026-03-27 19:00:00+00:00,65800.1,66087.2,65658.2,65998.2,65886.1,73.59396546,2357
2026-03-27 20:00:00+00:00,65998.2,66087.2,65779.9,65957.8,65949.0,29.86369628,1878
2026-03-27 21:00:00+00:00,65970.0,66118.7,65955.3,66025.4,66065.6,182.9133385,1796
2026-03-27 22:00:00+00:00,66039.1,66042.5,65865.0,65981.6,65959.3,44.20979567,1548
2026-03-27 23:00:00+00:00,65981.6,66368.7,65921.0,66358.3,66198.8,68.74536067,1583
2026-03-28 00:00:00+00:00,66360.4,66462.2,66242.4,66369.6,66357.8,143.83396261,3100
2026-03-28 01:00:00+00:00,66369.7,66369.7,66001.1,66117.9,66134.4,194.72980638,3457
2026-03-28 02:00:00+00:00,66117.9,66186.6,65889.0,65983.6,66003.9,37.71783622,1586
2026-03-28 03:00:00+00:00,65983.6,66191.5,65983.5,66176.3,66115.9,23.65526376,1099
2026-03-28 04:00:00+00:00,66183.3,66254.7,66077.0,66230.7,66169.6,12.81041452,952
2026-03-28 05:00:00+00:00,66237.9,66325.3,66166.6,66301.8,66262.8,27.81866809,963
2026-03-28 06:00:00+00:00,66301.8,66456.6,66253.5,66355.9,66396.3,33.03711281,1237
2026-03-28 07:00:00+00:00,66350.3,66500.0,66350.2,66500.0,66436.6,16.61628256,825
2026-03-28 08:00:00+00:00,66500.0,66516.6,66340.3,66354.7,66440.2,20.557832,971
2026-03-28 09:00:00+00:00,66356.9,66356.9,66192.7,66255.1,66276.4,12.67937597,887
2026-03-28 10:00:00+00:00,66255.2,66350.3,66095.0,66173.1,66176.8,13.51593189,958
2026-03-28 11:00:00+00:00,66173.1,66308.2,66161.3,66276.0,66267.4,9.88250499,842
2026-03-28 12:00:00+00:00,66276.0,66466.3,66200.0,66404.8,66372.6,26.01997488,1246
2026-03-28 13:00:00+00:00,66404.8,67101.0,66371.8,66787.3,66742.4,230.2084266,3209
2026-03-28 14:00:00+00:00,66788.3,66898.2,66628.4,66704.1,66759.7,49.66563501,2284
2026-03-28 15:00:00+00:00,66704.1,67237.8,66674.5,66976.5,67033.1,95.92424019,2652
2026-03-28 16:00:00+00:00,66976.5,67054.0,66817.9,66876.9,66946.9,43.51674608,1684
2026-03-28 17:00:00+00:00,66876.9,66944.6,66645.2,66814.2,66783.4,24.38676165,1496
2026-03-28 18:00:00+00:00,66814.3,66899.3,66793.8,66882.0,66845.4,30.81134619,1229
2026-03-28 19:00:00+00:00,66882.0,66896.5,66764.3,66847.2,66821.3,5.43241496,1074
2026-03-28 20:00:00+00:00,66847.3,66953.4,66847.2,66868.0,66913.0,30.67152101,1261
2026-03-28 21:00:00+00:00,66868.1,66875.0,66523.9,66645.8,66745.9,22.1841965,1331
2026-03-28 22:00:00+00:00,66645.7,66737.3,66550.0,66697.4,66665.1,24.01303736,1391
2026-03-28 23:00:00+00:00,66697.4,66697.4,66201.9,66321.7,66372.6,58.61916475,2028
2026-03-29 00:00:00+00:00,66321.8,66450.9,66246.5,66429.4,66311.0,40.2857263,1497
2026-03-29 01:00:00+00:00,66435.7,66562.3,66338.3,66515.4,66479.6,34.73056912,1439
2026-03-29 02:00:00+00:00,66515.5,66772.5,66498.9,66742.6,66591.7,23.51443083,1265
2026-03-29 03:00:00+00:00,66747.8,67066.2,66716.2,66846.6,66904.6,47.6878828,1284
2026-03-29 04:00:00+00:00,66846.6,66873.0,66678.0,66678.1,66779.9,13.9047988,900
2026-03-29 05:00:00+00:00,66678.1,66748.2,66564.5,66733.3,66655.1,27.99564546,1201
2026-03-29 06:00:00+00:00,66733.3,66811.0,66582.8,66684.3,66705.4,12.89525236,900
2026-03-29 07:00:00+00:00,66684.3,66684.3,66508.6,66610.1,66590.7,7.4951303,834
2026-03-29 08:00:00+00:00,66610.1,66707.2,66559.2,66671.7,66624.9,7.634798,722
2026-03-29 09:00:00+00:00,66671.7,66706.0,66501.0,66574.2,66570.3,16.43399636,828
2026-03-29 10:00:00+00:00,66574.2,66574.2,66385.9,66464.1,66445.8,19.18533375,1029
2026-03-29 11:00:00+00:00,66464.1,66910.3,66464.0,66749.7,66761.9,16.36989843,1357
2026-03-29 12:00:00+00:00,66749.7,66803.3,66654.2,66788.1,66718.3,20.61242516,999
2026-03-29 13:00:00+00:00,66788.1,66788.1,66479.0,66515.9,66574.8,36.89726938,1569
2026-03-29 14:00:00+00:00,66516.0,66718.3,66415.8,66541.4,66504.3,48.41933975,1716
2026-03-29 15:00:00+00:00,66541.4,66657.1,66293.3,66463.5,66448.4,59.95969899,1890
2026-03-29 16:00:00+00:00,66463.5,66587.0,66376.2,66433.1,66490.1,39.70449109,1600
2026-03-29 17:00:00+00:00,66433.1,66467.4,66093.8,66325.9,66246.3,81.4196033,2184
2026-03-29 18:00:00+00:00,66325.9,66483.0,66280.0,66368.0,66343.1,21.35694664,1315
2026-03-29 19:00:00+00:00,66368.1,66422.1,66282.0,66293.0,66371.0,28.14521154,1259
2026-03-29 20:00:00+00:00,66293.0,66750.0,66292.9,66554.4,66536.8,68.1252376,1621
2026-03-29 21:00:00+00:00,66554.4,66680.0,66452.0,66664.9,66538.9,97.30892991,1453
2026-03-29 22:00:00+00:00,66664.9,66664.9,64960.0,65800.1,65597.3,494.21057167,7809
2026-03-29 23:00:00+00:00,65800.1,66317.3,65800.1,65950.3,65981.6,245.7576507,3815
2026-03-30 00:00:00+00:00,65950.4,66999.0,65733.2,66225.4,66604.0,374.00023177,4866
2026-03-30 01:00:00+00:00,66225.4,66759.4,66225.4,66576.0,66560.0,112.04565138,2340
2026-03-30 02:00:00+00:00,66591.3,67392.3,66518.4,67059.0,67003.1,203.72380248,3361
2026-03-30 03:00:00+00:00,67059.0,67242.8,66934.1,67100.0,67046.3,77.92360324,1816
2026-03-30 04:00:00+00:00,67100.0,67588.9,67099.9,67559.3,67411.4,100.77409241,2301
2026-03-30 05:00:00+00:00,67559.4,67724.6,67387.5,67441.0,67585.0,65.50869216,1943
2026-03-30 06:00:00+00:00,67433.4,67521.8,67217.3,67249.7,67338.7,29.70763277,1513
2026-03-30 07:00:00+00:00,67249.8,67700.7,67178.8,67556.1,67470.1,66.73141989,1637
2026-03-30 08:00:00+00:00,67556.2,67871.0,67556.1,67605.0,67754.8,65.39658419,2088
2026-03-30 09:00:00+00:00,67605.0,67627.7,67423.0,67445.8,67512.7,56.81419131,1480
2026-03-30 10:00:00+00:00,67445.8,67449.4,67319.5,67420.0,67376.3,41.37715859,1214
2026-03-30 11:00:00+00:00,67420.1,67916.5,67420.0,67610.6,67574.4,74.58603916,2227
2026-03-30 12:00:00+00:00,67610.6,67899.9,67600.5,67849.1,67789.6,61.79195652,2137
2026-03-30 13:00:00+00:00,67849.1,68105.1,67400.0,67472.4,67773.2,160.45672594,3311
2026-03-30 14:00:00+00:00,67472.4,67828.4,67061.5,67758.8,67397.3,191.82881999,3873
2026-03-30 15:00:00+00:00,67745.1,67842.0,67368.9,67570.7,67654.6,87.40875832,2615
2026-03-30 16:00:00+00:00,67570.7,67570.7,67183.5,67310.0,67375.0,110.82392085,2397
2026-03-30 17:00:00+00:00,67310.0,67398.5,66605.3,66767.7,66840.3,172.67153193,2841
2026-03-30 18:00:00+00:00,66767.7,66860.7,66470.6,66600.1,66668.2,97.74786763,1982
2026-03-30 19:00:00+00:00,66590.8,66599.6,66200.0,66482.9,66346.9,373.92556314,2602
2026-03-30 20:00:00+00:00,66484.2,66620.3,66473.0,66592.3,66566.8,29.55567086,1379
2026-03-30 21:00:00+00:00,66592.3,66930.0,66541.8,66756.5,66800.8,78.21200146,1621
2026-03-30 22:00:00+00:00,66757.3,66930.0,66641.4,66728.6,66751.7,49.13023434,1224
2026-03-30 23:00:00+00:00,66728.7,66728.7,66372.2,66725.0,66567.8,39.3540994,1321
2026-03-31 00:00:00+00:00,66725.0,67237.5,66495.7,67139.2,66950.6,112.01897437,2279
2026-03-31 01:00:00+00:00,67139.3,68325.5,67010.5,67887.9,67760.1,222.77721094,3719
2026-03-31 02:00:00+00:00,67881.5,68008.2,67728.6,67900.0,67921.9,46.18481354,1648
2026-03-31 03:00:00+00:00,67900.1,67925.3,67599.0,67640.5,67741.1,23.50295243,1358
2026-03-31 04:00:00+00:00,67640.5,67800.0,67458.9,67482.1,67591.3,64.73448627,1579
2026-03-31 05:00:00+00:00,67482.1,67705.2,67352.0,67624.9,67566.3,61.53016036,1473
2026-03-31 06:00:00+00:00,67624.9,67629.8,67300.0,67438.9,67403.1,77.21687916,1443
2026-03-31 07:00:00+00:00,67439.0,67461.0,67053.2,67285.8,67186.1,155.98819763,1985
2026-03-31 08:00:00+00:00,67285.8,67424.9,66624.0,66733.1,66969.4,249.94273576,2423
2026-03-31 09:00:00+00:00,66729.5,66831.0,65939.0,66050.0,66371.4,101.09757313,3004
2026-03-31 10:00:00+00:00,66050.0,66408.3,66049.9,66299.8,66246.6,65.13194901,1794
2026-03-31 11:00:00+00:00,66299.8,66807.3,66186.4,66640.1,66580.0,120.87604994,2395
2026-03-31 12:00:00+00:00,66640.1,66864.4,66472.4,66608.8,66731.3,142.13083127,2481
2026-03-31 13:00:00+00:00,66608.8,67336.4,66608.7,67225.9,66994.7,198.86419023,3505
2026-03-31 14:00:00+00:00,67226.0,67681.9,66382.8,66529.5,67065.6,358.32252335,5186
2026-03-31 15:00:00+00:00,66529.6,67200.0,66529.6,66657.4,66835.5,120.89614293,3476
2026-03-31 16:00:00+00:00,66657.4,67935.4,66657.4,67599.6,67433.7,188.70267657,4536
2026-03-31 17:00:00+00:00,67599.6,68500.0,67360.0,67449.3,67919.2,297.0757671,5193
2026-03-31 18:00:00+00:00,67449.4,67887.7,67449.4,67784.0,67706.6,51.58048865,2203
2026-03-31 19:00:00+00:00,67786.0,67949.7,67663.6,67799.4,67831.4,53.38837732,2041
2026-03-31 20:00:00+00:00,67775.8,68181.3,67764.0,68181.3,68023.0,88.72309579,1823
2026-03-31 21:00:00+00:00,68181.3,68333.3,67827.0,68211.6,68030.4,51.03608476,2020
2026-03-31 22:00:00+00:00,68211.7,68246.5,67911.8,68103.3,68085.4,43.95840448,1592
2026-03-31 23:00:00+00:00,68103.4,68299.1,68039.1,68219.7,68182.4,45.8999941,1554
2026-04-01 00:00:00+00:00,68219.7,68261.7,67806.1,68230.0,68037.4,68.75757669,2242
2026-04-01 01:00:00+00:00,68243.2,68284.6,67718.9,67734.2,67940.6,64.65030098,2243
2026-04-01 02:00:00+00:00,67734.2,67839.5,67546.2,67607.5,67690.4,59.00102734,2312
2026-04-01 03:00:00+00:00,67607.5,68161.2,67607.5,68107.5,67968.9,52.55247455,1706
2026-04-01 04:00:00+00:00,68107.6,68396.4,67972.8,68234.8,68213.1,61.7374244,1886
2026-04-01 05:00:00+00:00,68234.9,68681.2,68097.8,68393.3,68512.2,190.87711171,2443
2026-04-01 06:00:00+00:00,68393.3,69170.1,68393.2,69060.3,68938.8,184.86732497,2718
2026-04-01 07:00:00+00:00,69060.4,69250.0,68650.0,68665.1,68952.5,66.49021409,2280
2026-04-01 08:00:00+00:00,68665.2,68822.7,68438.1,68635.2,68620.0,49.79198338,1899
2026-04-01 09:00:00+00:00,68636.6,68695.8,68352.6,68624.8,68518.4,58.23376546,1538
2026-04-01 10:00:00+00:00,68624.8,68624.8,68400.1,68556.6,68474.3,76.77109694,1672
2026-04-01 11:00:00+00:00,68558.5,68711.4,68490.1,68688.5,68568.1,50.11606387,1532
2026-04-01 12:00:00+00:00,68688.6,68757.7,68246.8,68335.5,68512.1,113.44304038,3074
2026-04-01 13:00:00+00:00,68358.0,68632.7,67903.7,68076.2,68182.0,79.51215808,3873
2026-04-01 14:00:00+00:00,68085.1,68649.2,68050.1,68588.2,68350.1,80.60778899,4415
2026-04-01 15:00:00+00:00,68565.6,68949.2,68408.2,68903.1,68735.5,105.06609136,3214
2026-04-01 16:00:00+00:00,68903.1,68954.6,68587.3,68801.5,68825.7,47.8128778,2845
2026-04-01 17:00:00+00:00,68800.3,69152.8,68228.8,68232.5,68599.0,58.16034597,3234
2026-04-01 18:00:00+00:00,68231.9,68303.0,67945.9,68064.7,68110.9,93.29680086,3164
2026-04-01 19:00:00+00:00,68064.8,68264.3,68016.2,68162.5,68135.6,54.765295,2536
2026-04-01 20:00:00+00:00,68159.2,68238.4,67971.9,68176.2,68118.3,90.98851496,2408
2026-04-01 21:00:00+00:00,68176.2,68518.7,68161.6,68398.8,68314.1,60.3464691,2860
2026-04-01 22:00:00+00:00,68373.1,68373.1,68075.1,68117.8,68151.6,39.24510862,1958
2026-04-01 23:00:00+00:00,68113.2,68227.4,67999.4,68098.5,68113.2,38.07404526,1497
2026-04-02 00:00:00+00:00,68098.5,68632.7,68054.6,68596.4,68398.3,69.86199129,2124
2026-04-02 01:00:00+00:00,68596.4,68596.4,67034.2,67333.7,67561.2,257.38258064,6773
2026-04-02 02:00:00+00:00,67349.1,67349.1,66639.8,66861.5,66881.9,129.14649738,3928
2026-04-02 03:00:00+00:00,66861.5,66962.0,66500.0,66579.3,66730.3,72.05748375,2615
2026-04-02 04:00:00+00:00,66579.3,66632.6,66218.7,66326.2,66402.9,75.77135475,2428
2026-04-02 05:00:00+00:00,66326.2,66620.4,66307.2,66591.9,66482.7,51.75272681,1756
2026-04-02 06:00:00+00:00,66591.9,66802.5,66536.2,66655.1,66646.1,29.88477408,1483
2026-04-02 07:00:00+00:00,66655.1,66924.1,66564.0,66916.9,66760.5,35.52048202,1599
2026-04-02 08:00:00+00:00,66916.9,66916.9,66400.0,66426.1,66559.4,30.56303086,1360
2026-04-02 09:00:00+00:00,66426.2,66484.9,66300.0,66449.3,66383.9,29.11912005,1621
2026-04-02 10:00:00+00:00,66449.2,66483.3,66214.1,66439.2,66384.4,36.23842146,1459
2026-04-02 11:00:00+00:00,66439.7,66455.3,66135.7,66223.4,66331.5,73.6566674,1925
2026-04-02 12:00:00+00:00,66203.5,66227.4,65950.0,66024.6,66082.6,91.63911499,2702
2026-04-02 13:00:00+00:00,66024.7,66258.9,65688.2,66251.9,65943.4,154.14100187,4186
2026-04-02 14:00:00+00:00,66252.0,67069.6,66168.0,66861.2,66771.6,318.01176375,5091
2026-04-02 15:00:00+00:00,66861.2,66962.9,66635.0,66828.0,66804.7,98.21579952,3145
2026-04-02 16:00:00+00:00,66828.0,67273.8,66753.0,67094.3,67070.5,96.94137848,2963
2026-04-02 17:00:00+00:00,67094.3,67408.5,66669.1,66675.8,67054.8,125.37667824,3305
2026-04-02 18:00:00+00:00,66675.8,67048.9,66590.6,66970.4,66761.0,36.61675024,1838
2026-04-02 19:00:00+00:00,66970.4,67088.4,66888.0,66969.0,66986.6,52.43745869,1730
2026-04-02 20:00:00+00:00,66975.6,67098.0,66798.0,66933.1,66940.3,52.51082008,1596
2026-04-02 21:00:00+00:00,66933.1,66999.5,66738.1,66918.0,66849.2,20.58132242,1315
2026-04-02 22:00:00+00:00,66918.0,67028.9,66841.4,66978.1,66946.6,28.897262,1284
2026-04-02 23:00:00+00:00,66978.1,67068.0,66858.0,66880.8,66916.7,75.41435219,1323
2026-04-03 00:00:00+00:00,66885.7,66975.0,66715.1,66768.0,66838.6,77.88401378,1653
2026-04-03 01:00:00+00:00,66768.0,66884.8,66500.0,66618.0,66638.0,107.69813133,2159
2026-04-03 02:00:00+00:00,66618.0,66723.0,66288.0,66512.9,66425.7,126.45926215,2287
2026-04-03 03:00:00+00:00,66513.0,66693.0,66498.0,66574.1,66589.1,28.74005868,1344
2026-04-03 04:00:00+00:00,66573.1,66676.4,66513.0,66604.8,66613.2,29.53415281,1217
2026-04-03 05:00:00+00:00,66603.1,66796.5,66430.1,66588.0,66636.6,44.25118212,1540
2026-04-03 06:00:00+00:00,66588.0,66782.6,66571.3,66778.6,66670.4,39.15216702,1452
2026-04-03 07:00:00+00:00,66778.6,67234.9,66763.2,67029.7,67001.5,76.5317499,1699
2026-04-03 08:00:00+00:00,67029.7,67271.5,66918.0,66963.0,67103.7,16.89157948,1338
2026-04-03 09:00:00+00:00,66963.0,66978.0,66753.0,66844.9,66861.7,22.22505626,1092
2026-04-03 10:00:00+00:00,66845.0,66885.7,66695.0,66885.7,66784.3,16.94131881,1127
2026-04-03 11:00:00+00:00,66885.7,67033.9,66827.0,66999.6,66891.2,30.43484171,1150
2026-04-03 12:00:00+00:00,66999.6,67369.0,66619.9,66723.1,67021.4,70.44714022,2447
2026-04-03 13:00:00+00:00,66723.1,66723.1,66531.6,66661.6,66624.4,33.07544846,1948
2026-04-03 14:00:00+00:00,66661.6,66975.0,66633.0,66925.9,66823.3,113.31701128,2468
2026-04-03 15:00:00+00:00,66925.4,67000.0,66814.0,66819.2,66882.3,68.60664419,1841
2026-04-03 16:00:00+00:00,66820.5,67050.0,66820.4,67005.1,66942.9,76.33637793,1814
2026-04-03 17:00:00+00:00,67005.1,67061.5,66768.1,66830.4,66926.1,159.32753751,2052
2026-04-03 18:00:00+00:00,66830.5,66926.2,66777.0,66801.1,66855.6,52.04653542,1472
2026-04-03 19:00:00+00:00,66805.8,66887.3,66763.1,66878.6,66800.1,69.0240561,1498
2026-04-03 20:00:00+00:00,66878.6,66903.0,66835.0,66835.1,66875.2,66.65990616,1404
2026-04-03 21:00:00+00:00,66835.1,66959.3,66835.0,66959.2,66874.2,29.84873232,1123
2026-04-03 22:00:00+00:00,66959.3,66959.3,66847.1,66884.3,66907.3,33.91041397,1706
2026-04-03 23:00:00+00:00,66881.7,66933.0,66828.1,66933.0,66872.5,13.62111582,1189
2026-04-04 00:00:00+00:00,66932.9,66936.9,66883.0,66883.0,66905.9,5.61930954,903
2026-04-04 01:00:00+00:00,66883.1,66896.3,66834.0,66843.5,66856.4,14.06089473,896
2026-04-04 02:00:00+00:00,66843.5,66896.3,66816.6,66816.7,66827.9,7.36617959,876
2026-04-04 03:00:00+00:00,66816.7,66896.2,66816.7,66843.1,66850.5,4.6795431,630
2026-04-04 04:00:00+00:00,66843.1,66870.5,66790.0,66858.8,66823.0,26.1620592,760
2026-04-04 05:00:00+00:00,66858.8,66929.1,66855.4,66912.9,66887.8,119.86733843,1136
2026-04-04 06:00:00+00:00,66903.5,67023.0,66898.8,67013.9,66968.3,49.26878847,716
2026-04-04 07:00:00+00:00,67014.0,67033.8,66948.1,67022.9,66966.5,73.84011375,919
2026-04-04 08:00:00+00:00,67022.9,67033.8,66918.0,66918.1,67005.7,10.50614709,716
2026-04-04 09:00:00+00:00,66918.1,66978.0,66918.1,66958.4,66957.1,12.5760806,734
2026-04-04 10:00:00+00:00,66958.4,67174.9,66918.0,67151.2,67112.3,38.05668949,1021
2026-04-04 11:00:00+00:00,67151.3,67203.0,67087.8,67121.9,67118.2,37.35846154,1076
2026-04-04 12:00:00+00:00,67128.0,67151.8,67060.0,67080.6,67088.1,21.26816351,915
2026-04-04 13:00:00+00:00,67080.6,67259.2,67069.1,67174.1,67160.5,34.70322624,1256
2026-04-04 14:00:00+00:00,67184.2,67213.0,67033.9,67200.0,67150.7,33.04615931,1229
2026-04-04 15:00:00+00:00,67200.0,67500.0,67179.8,67361.9,67332.8,71.27112902,1989
2026-04-04 16:00:00+00:00,67362.0,67501.3,67323.0,67361.0,67396.5,38.03790401,1519
2026-04-04 17:00:00+00:00,67361.0,67394.1,67300.0,67310.6,67347.4,71.82894651,1411
2026-04-04 18:00:00+00:00,67310.7,67350.0,67264.0,67293.0,67310.2,15.42203178,1086
2026-04-04 19:00:00+00:00,67293.0,67534.0,67278.0,67283.0,67362.5,19.18623615,1256
2026-04-04 20:00:00+00:00,67283.1,67283.1,67189.7,67258.8,67254.7,57.3244954,1217
2026-04-04 21:00:00+00:00,67258.9,67459.1,67203.2,67347.2,67281.5,41.83887455,1220
2026-04-04 22:00:00+00:00,67347.3,67443.0,67338.0,67375.5,67406.6,25.4382214,1058
2026-04-04 23:00:00+00:00,67375.5,67377.5,67258.5,67283.8,67315.7,21.76826828,889
2026-04-05 00:00:00+00:00,67283.8,67283.8,67158.1,67188.3,67214.1,29.97700741,889
2026-04-05 01:00:00+00:00,67179.0,67202.6,67080.0,67082.1,67126.2,18.30176971,817
2026-04-05 02:00:00+00:00,67080.1,67143.0,66968.4,67141.9,67031.9,28.77466914,1049
2026-04-05 03:00:00+00:00,67142.0,67154.9,67098.0,67113.0,67125.7,9.11960991,678
2026-04-05 04:00:00+00:00,67113.0,67160.0,67058.6,67087.5,67112.4,8.58640731,654
2026-04-05 05:00:00+00:00,67087.5,67123.2,66895.0,66910.3,66979.6,11.95134624,770
2026-04-05 06:00:00+00:00,66910.3,66933.6,66618.0,66802.9,66768.7,46.043324,1596
2026-04-05 07:00:00+00:00,66800.1,66888.0,66712.3,66797.9,66804.3,9.85430004,832
2026-04-05 08:00:00+00:00,66798.0,66915.6,66798.0,66915.6,66866.0,30.85365959,841
2026-04-05 09:00:00+00:00,66915.6,67029.4,66900.8,67029.4,66997.9,26.27523579,676
2026-04-05 10:00:00+00:00,67029.4,67109.8,66953.3,67027.4,67015.5,60.8672027,1038
2026-04-05 11:00:00+00:00,67028.5,67070.8,66951.4,66960.9,66998.9,76.54530608,1186
2026-04-05 12:00:00+00:00,66960.9,66960.9,66694.6,66760.1,66812.0,29.04062017,1303
2026-04-05 13:00:00+00:00,66760.1,66887.8,66690.0,66880.8,66786.9,16.49213868,1258
2026-04-05 14:00:00+00:00,66880.8,66939.7,66811.0,66910.3,66898.3,42.41720722,1268
2026-04-05 15:00:00+00:00,66910.4,67819.9,66810.8,67273.7,67388.1,154.55549787,3277
2026-04-05 16:00:00+00:00,67273.8,67376.1,67166.2,67183.8,67291.9,25.84930587,1468
2026-04-05 17:00:00+00:00,67183.8,67373.4,67171.1,67332.3,67268.0,11.96377535,989
2026-04-05 18:00:00+00:00,67342.2,67424.9,67249.5,67380.7,67344.1,46.2888239,1203
2026-04-05 19:00:00+00:00,67380.7,67518.9,67272.5,67330.7,67382.8,73.4009394,1226
2026-04-05 20:00:00+00:00,67330.7,67681.6,67329.4,67629.2,67522.9,33.31723979,1532
2026-04-05 21:00:00+00:00,67629.3,67641.5,67414.4,67508.9,67519.1,20.36132463,1355
2026-04-05 22:00:00+00:00,67508.9,68332.1,67343.8,68321.1,67849.7,163.97188795,3438
2026-04-05 23:00:00+00:00,68321.2,69098.9,68255.4,68983.7,68766.3,154.55681973,4347
2026-04-06 00:00:00+00:00,68983.8,69555.0,68983.8,69054.3,69299.5,200.46716826,3830
2026-04-06 01:00:00+00:00,69054.3,69096.9,68771.1,68771.1,68874.1,61.42734899,1975
2026-04-06 02:00:00+00:00,68771.2,69372.6,68771.2,69184.6,69171.8,52.01225113,2108
2026-04-06 03:00:00+00:00,69180.2,69220.0,69043.9,69087.9,69146.9,27.2821744,1217
2026-04-06 04:00:00+00:00,69088.0,69188.3,68970.0,69115.3,69078.4,17.24178586,1066
2026-04-06 05:00:00+00:00,69115.3,69211.7,69080.4,69176.8,69164.8,37.24081849,988
2026-04-06 06:00:00+00:00,69176.8,69323.9,68800.2,68950.1,68997.8,89.77066613,1853
2026-04-06 07:00:00+00:00,68950.1,69179.1,68822.7,69075.2,68961.9,26.87184853,1199
2026-04-06 08:00:00+00:00,69075.2,69311.4,69072.6,69208.0,69238.5,30.89705383,1227
2026-04-06 09:00:00+00:00,69208.0,70250.0,69201.4,69714.1,69872.6,191.07839123,3913
2026-04-06 10:00:00+00:00,69714.3,69945.0,69696.6,69748.9,69812.9,72.14479096,1978
2026-04-06 11:00:00+00:00,69748.9,69748.9,69578.0,69593.4,69659.8,19.40877122,1651
2026-04-06 12:00:00+00:00,69596.4,69620.4,69333.4,69356.8,69477.7,43.66367253,2337
2026-04-06 13:00:00+00:00,69356.9,69550.0,69246.9,69394.3,69365.1,27.04806528,2358
2026-04-06 14:00:00+00:00,69409.4,69812.1,69167.1,69665.4,69524.7,108.58315877,3217
2026-04-06 15:00:00+00:00,69665.4,69971.0,69551.5,69971.0,69830.1,109.43927737,2495
2026-04-06 16:00:00+00:00,69970.4,70463.7,69809.9,69813.9,70093.8,370.05832094,3827
2026-04-06 17:00:00+00:00,69814.0,69814.0,69278.4,69570.7,69505.4,100.53586284,2841
2026-04-06 18:00:00+00:00,69570.8,69950.0,69489.4,69899.4,69803.7,58.20127401,1957
2026-04-06 19:00:00+00:00,69899.4,69913.3,69601.9,69730.0,69725.6,81.87617794,1810
2026-04-06 20:00:00+00:00,69731.8,69988.3,69628.8,69850.5,69779.7,78.83974178,1946
2026-04-06 21:00:00+00:00,69850.6,69850.6,69445.6,69519.7,69592.7,24.13284195,1458
2026-04-06 22:00:00+00:00,69519.3,69577.8,68826.5,68826.5,69070.3,93.10189047,2230
2026-04-06 23:00:00+00:00,68826.5,68910.1,68350.0,68861.4,68601.7,117.85097496,2698
2026-04-07 00:00:00+00:00,68861.3,69142.3,68731.0,68768.0,68911.6,59.05060233,2137
2026-04-07 01:00:00+00:00,68766.5,68888.5,68350.1,68410.1,68620.5,48.65755978,2140
2026-04-07 02:00:00+00:00,68410.1,68700.0,68300.0,68677.4,68456.5,24.51831955,1688
2026-04-07 03:00:00+00:00,68677.4,68796.4,68623.7,68779.5,68747.4,27.31515528,1168
2026-04-07 04:00:00+00:00,68779.5,68962.9,68540.1,68871.6,68780.1,29.96801793,1236
2026-04-07 05:00:00+00:00,68871.6,68871.6,68616.3,68644.4,68763.0,57.47587827,1170
2026-04-07 06:00:00+00:00,68658.4,68658.4,68439.4,68571.6,68551.8,27.78224407,1297
2026-04-07 07:00:00+00:00,68571.6,68700.6,68499.0,68623.0,68625.0,36.66769819,1289
2026-04-07 08:00:00+00:00,68623.1,68990.4,68616.6,68946.4,68834.2,21.93592737,1584
2026-04-07 09:00:00+00:00,68946.4,69259.4,68946.3,69156.4,69124.7,63.84879453,1822
2026-04-07 10:00:00+00:00,69156.5,69198.7,68196.9,68230.1,68673.8,68.28244405,2978
2026-04-07 11:00:00+00:00,68230.1,68439.2,68067.7,68347.9,68274.1,100.22577145,2081
2026-04-07 12:00:00+00:00,68348.0,68618.4,68073.3,68379.7,68333.9,40.80937247,2767
2026-04-07 13:00:00+00:00,68379.8,68629.8,68200.0,68240.4,68461.6,46.19257897,2794
2026-04-07 14:00:00+00:00,68240.4,68240.4,67752.7,67863.4,68008.1,74.97585119,3858
2026-04-07 15:00:00+00:00,67863.5,68237.1,67734.9,68155.6,68046.7,70.64047241,2981
2026-04-07 16:00:00+00:00,68155.7,68442.8,68079.6,68222.9,68263.9,70.31943787,2377
2026-04-07 17:00:00+00:00,68222.9,68989.5,68195.9,68703.0,68603.3,90.50777016,2620
2026-04-07 18:00:00+00:00,68703.0,68750.0,68350.2,68428.8,68517.0,26.87608527,1900
2026-04-07 19:00:00+00:00,68433.6,69059.9,68352.6,69015.8,68782.7,76.97841874,3109
2026-04-07 20:00:00+00:00,69008.0,69529.7,69008.0,69303.6,69406.4,133.1081279,3220
2026-04-07 21:00:00+00:00,69303.8,70189.4,69303.8,69912.7,69884.4,137.7166371,3729
2026-04-07 22:00:00+00:00,69914.4,71498.0,69914.4,71498.0,70798.8,434.14423856,6674
2026-04-07 23:00:00+00:00,71498.0,72728.0,71199.7,71925.0,72036.8,408.38218932,7642
2026-04-08 00:00:00+00:00,71925.0,72109.8,71542.4,71688.2,71839.8,109.12521226,4017
2026-04-08 01:00:00+00:00,71688.3,71735.0,71442.1,71461.8,71539.0,49.27924495,2376
2026-04-08 02:00:00+00:00,71458.8,71700.0,71238.3,71337.9,71391.6,55.41278885,2448
2026-04-08 03:00:00+00:00,71338.0,71474.3,71277.1,71288.7,71346.0,51.95194207,1564
2026-04-08 04:00:00+00:00,71288.7,71664.9,71288.6,71570.3,71491.5,53.13687039,1758
2026-04-08 05:00:00+00:00,71569.0,71808.7,71549.2,71706.9,71686.8,41.27365622,1495
2026-04-08 06:00:00+00:00,71706.9,71919.0,71588.0,71713.3,71772.2,37.05487769,1689
2026-04-08 07:00:00+00:00,71713.4,71890.0,71575.6,71620.0,71685.7,55.51535277,1663
2026-04-08 08:00:00+00:00,71620.0,71821.3,71620.0,71785.0,71738.3,28.3953135,1567
2026-04-08 09:00:00+00:00,71785.0,71990.4,71591.7,71674.1,71817.6,19.59668585,1529
2026-04-08 10:00:00+00:00,71674.2,71770.0,71473.5,71491.9,71583.5,11.41964726,1439
2026-04-08 11:00:00+00:00,71491.9,71710.0,71425.0,71670.8,71568.4,38.08705843,1721
2026-04-08 12:00:00+00:00,71670.8,72160.0,71590.0,72074.6,71897.9,88.21314887,2510
2026-04-08 13:00:00+00:00,72074.6,72850.0,71496.9,71610.2,72236.5,318.26954588,6717
2026-04-08 14:00:00+00:00,71610.3,71739.2,70703.0,70884.9,71216.5,149.90626583,5690
2026-04-08 15:00:00+00:00,70885.0,71350.0,70840.0,71294.5,71133.8,77.58103765,3404
2026-04-08 16:00:00+00:00,71294.5,71688.2,71244.4,71611.4,71446.2,87.89448991,2976
2026-04-08 17:00:00+00:00,71611.4,71963.0,71508.0,71899.7,71751.6,77.20022228,3182
2026-04-08 18:00:00+00:00,71899.7,71899.7,71082.7,71106.5,71435.3,141.25967784,3802
2026-04-08 19:00:00+00:00,71104.4,71384.2,71014.1,71327.1,71239.3,75.95866067,2724
2026-04-08 20:00:00+00:00,71322.4,71489.9,71282.3,71382.2,71385.0,35.03109235,1602
2026-04-08 21:00:00+00:00,71382.4,71755.0,71348.0,71550.7,71567.9,47.74112463,2141
2026-04-08 22:00:00+00:00,71550.7,71571.4,71088.6,71088.7,71292.2,24.91892819,1696
2026-04-08 23:00:00+00:00,71088.7,71199.5,70908.1,71109.0,71011.3,90.40264475,1878
2026-04-09 00:00:00+00:00,71090.2,71145.8,70643.6,70826.8,70801.9,34.55827198,2149
2026-04-09 01:00:00+00:00,70826.8,70943.8,70465.1,70917.1,70654.8,41.30992276,2116
2026-04-09 02:00:00+00:00,70917.1,71182.5,70817.3,71038.9,71054.9,73.75256044,1949
2026-04-09 03:00:00+00:00,71041.7,71105.2,70857.1,70994.3,70974.6,23.79079748,1150
2026-04-09 04:00:00+00:00,70994.4,71010.7,70756.7,70793.5,70852.3,14.55678126,1110
2026-04-09 05:00:00+00:00,70793.6,71083.7,70714.4,70976.3,70939.3,39.50953822,1259
2026-04-09 06:00:00+00:00,70976.3,71076.0,70842.0,71037.3,70911.5,22.21678758,1054
2026-04-09 07:00:00+00:00,71037.4,71116.3,70964.7,70988.4,71025.8,14.02445318,1193
2026-04-09 08:00:00+00:00,70988.7,71385.3,70896.2,71263.7,71193.5,73.55917746,1825
2026-04-09 09:00:00+00:00,71263.7,71567.7,71116.6,71527.8,71405.1,36.83886631,1630
2026-04-09 10:00:00+00:00,71543.3,71543.3,71297.7,71299.6,71396.8,16.59588593,1382
2026-04-09 11:00:00+00:00,71299.6,71343.0,71071.4,71154.3,71176.1,53.69487559,1483
2026-04-09 12:00:00+00:00,71154.3,71328.2,71045.9,71271.6,71189.0,22.28540536,1840
2026-04-09 13:00:00+00:00,71271.7,71350.0,70638.5,70806.7,70941.2,33.15351279,3023
2026-04-09 14:00:00+00:00,70806.7,71242.3,70536.3,71129.4,70927.7,65.4453832,3350
2026-04-09 15:00:00+00:00,71131.9,72356.6,70948.9,72122.3,71910.2,202.24881641,5241
2026-04-09 16:00:00+00:00,72141.7,72407.6,71743.2,72078.8,72024.3,184.37227241,4268
2026-04-09 17:00:00+00:00,72082.6,72544.9,72079.8,72352.0,72425.8,112.87666733,3857
2026-04-09 18:00:00+00:00,72352.0,72370.4,71744.0,71901.2,71903.9,62.13767986,3052
2026-04-09 19:00:00+00:00,71901.2,72295.4,71762.0,72126.8,72031.6,67.65232695,3040
2026-04-09 20:00:00+00:00,72112.7,72462.7,72000.5,72434.1,72302.8,95.83965987,2319
2026-04-09 21:00:00+00:00,72434.1,72709.0,72162.9,72250.0,72385.7,92.84106975,3128
2026-04-09 22:00:00+00:00,72250.1,73130.5,71967.3,71967.3,72666.3,169.48267842,4571
2026-04-09 23:00:00+00:00,71967.3,72022.4,71588.6,71803.5,71789.9,70.4904599,2013
2026-04-10 00:00:00+00:00,71803.5,72024.5,71592.4,71960.3,71845.4,48.10904858,2402
2026-04-10 01:00:00+00:00,71960.4,72387.5,71688.8,72160.6,72109.3,50.62179582,2292
2026-04-10 02:00:00+00:00,72160.7,72279.7,71938.0,71952.0,72135.5,15.8388092,1481
2026-04-10 03:00:00+00:00,71952.0,72011.4,71824.4,71868.4,71922.0,20.47984162,1349
2026-04-10 04:00:00+00:00,71868.4,72210.1,71840.0,72112.0,71989.9,13.54962282,1339
2026-04-10 05:00:00+00:00,72121.6,72266.9,72019.5,72131.8,72165.0,21.57692257,1447
2026-04-10 06:00:00+00:00,72131.8,72174.8,71809.1,71826.0,71939.3,14.26095859,1235
2026-04-10 07:00:00+00:00,71826.0,71844.5,71429.8,71483.9,71648.0,23.25737407,1628
2026-04-10 08:00:00+00:00,71483.9,71750.0,71446.0,71611.4,71568.3,219.75884638,1622
2026-04-10 09:00:00+00:00,71611.4,71869.1,71596.0,71797.1,71727.5,51.53361462,1309
2026-04-10 10:00:00+00:00,71797.1,71924.1,71723.6,71924.0,71783.1,43.02783577,1370
2026-04-10 11:00:00+00:00,71924.1,72270.2,71924.0,72135.9,72175.8,123.71620547,2138
2026-04-10 12:00:00+00:00,72135.9,72460.0,72039.9,72268.5,72253.4,62.90467779,2999
2026-04-10 13:00:00+00:00,72269.8,72429.7,71925.4,72334.0,72139.6,147.70330296,2318
2026-04-10 14:00:00+00:00,72333.5,73163.9,72291.1,72953.4,72837.4,281.61261522,5756
2026-04-10 15:00:00+00:00,72947.4,73320.0,72381.7,72441.3,72871.6,154.41961104,4069
2026-04-10 16:00:00+00:00,72456.4,73069.1,72424.1,73012.0,72773.1,74.32153383,2963
2026-04-10 17:00:00+00:00,73012.0,73148.1,72829.2,73126.7,72941.5,75.45179812,2453
2026-04-10 18:00:00+00:00,73126.7,73167.5,72924.9,73138.5,73070.6,62.8259676,2180
2026-04-10 19:00:00+00:00,73138.6,73278.8,72926.6,73268.1,73116.3,82.79145608,2765
2026-04-10 20:00:00+00:00,73268.1,73455.0,73090.5,73393.1,73278.5,163.93070126,3349
2026-04-10 21:00:00+00:00,73393.1,73393.1,72990.2,73207.1,73152.2,42.30303337,1999
2026-04-10 22:00:00+00:00,73207.1,73276.1,72781.5,72904.0,72954.7,52.65946634,1825
2026-04-10 23:00:00+00:00,72904.0,72974.1,72825.3,72973.8,72873.5,26.85469306,1215
2026-04-11 00:00:00+00:00,72973.8,72973.8,72827.7,72864.6,72883.1,21.89244012,1386
2026-04-11 01:00:00+00:00,72864.3,73025.3,72712.7,72962.0,72844.4,19.79436352,1255
2026-04-11 02:00:00+00:00,72965.7,73132.1,72950.7,73012.9,73046.1,31.99014431,1333
2026-04-11 03:00:00+00:00,73013.0,73100.0,72869.4,72896.1,73020.1,7.93917964,1045
2026-04-11 04:00:00+00:00,72896.2,72984.6,72734.2,72837.3,72814.3,72.58332852,1501
2026-04-11 05:00:00+00:00,72837.3,72871.8,72726.4,72758.5,72780.1,12.1020682,995
2026-04-11 06:00:00+00:00,72758.5,72808.2,72645.8,72806.5,72722.6,30.60782055,1060
2026-04-11 07:00:00+00:00,72806.5,72866.9,72698.5,72761.5,72787.6,13.19701407,896
2026-04-11 08:00:00+00:00,72774.7,72835.7,72688.2,72722.1,72746.9,17.18736846,821
2026-04-11 09:00:00+00:00,72722.1,72951.3,72664.1,72944.1,72793.1,31.68170286,1384
2026-04-11 10:00:00+00:00,72944.2,72948.3,72817.0,72877.5,72906.3,19.11566135,1034
2026-04-11 11:00:00+00:00,72877.5,72945.3,72870.1,72932.9,72920.4,16.28008336,876
2026-04-11 12:00:00+00:00,72932.9,73011.3,72850.0,72973.4,72946.0,20.69083552,1553
2026-04-11 13:00:00+00:00,72973.4,72973.4,72578.8,72712.4,72699.8,175.62807544,2458
2026-04-11 14:00:00+00:00,72712.5,72805.7,72655.5,72757.4,72714.9,119.21768606,1765
2026-04-11 15:00:00+00:00,72750.1,72910.0,72706.9,72901.2,72826.8,14.36887746,1589
2026-04-11 16:00:00+00:00,72901.2,73238.7,72856.4,73068.1,73060.4,49.12377603,2144
2026-04-11 17:00:00+00:00,73068.1,73192.9,73000.0,73105.2,73110.1,16.41204035,1831
2026-04-11 18:00:00+00:00,73105.2,73750.0,73091.0,73549.3,73494.6,122.38404113,3221
2026-04-11 19:00:00+00:00,73555.0,73800.0,73494.3,73695.4,73686.1,62.40729389,2970
2026-04-11 20:00:00+00:00,73695.4,73715.0,73272.2,73343.5,73473.5,73.02263823,2464
2026-04-11 21:00:00+00:00,73343.5,73550.1,73209.0,73456.1,73406.8,49.31202346,1931
2026-04-11 22:00:00+00:00,73456.1,73596.2,73278.6,73406.4,73428.3,33.17877499,1577
2026-04-11 23:00:00+00:00,73406.4,73406.4,72948.3,73060.6,73147.4,42.89124801,1720
2026-04-12 00:00:00+00:00,73060.6,73139.1,72928.9,73097.1,73051.2,15.38671029,1468
2026-04-12 01:00:00+00:00,73097.2,73150.0,71334.5,71663.5,72118.4,269.26306996,5368
2026-04-12 02:00:00+00:00,71663.6,71998.9,71380.3,71800.9,71818.2,74.01464362,2723
2026-04-12 03:00:00+00:00,71800.9,71893.3,71627.0,71627.2,71737.9,77.3939294,1791
2026-04-12 04:00:00+00:00,71627.2,71700.0,71472.6,71503.6,71575.2,35.34444715,1493
2026-04-12 05:00:00+00:00,71503.7,71806.8,71464.9,71740.0,71681.0,19.89387443,1385
2026-04-12 06:00:00+00:00,71740.0,71781.0,71675.6,71684.5,71724.3,19.48851526,1225
2026-04-12 07:00:00+00:00,71685.8,71776.4,71620.1,71730.0,71727.4,26.44134107,1011
2026-04-12 08:00:00+00:00,71730.1,71814.9,71650.0,71650.1,71739.7,19.7471757,1003
2026-04-12 09:00:00+00:00,71655.0,71655.0,71548.3,71571.7,71600.6,19.81642529,819
2026-04-12 10:00:00+00:00,71571.7,71700.0,71400.0,71486.0,71548.7,25.81768913,1269
2026-04-12 11:00:00+00:00,71486.0,71557.0,71421.8,71499.1,71488.2,54.98539758,1267
2026-04-12 12:00:00+00:00,71499.1,71534.6,71103.8,71133.0,71293.4,95.75153575,2092
2026-04-12 13:00:00+00:00,71133.1,71185.6,70901.0,70911.4,71031.3,85.14046833,2710
2026-04-12 14:00:00+00:00,70911.4,71106.9,70711.8,70778.7,70956.7,136.68940503,2520
2026-04-12 15:00:00+00:00,70778.8,70957.7,70650.0,70911.0,70811.3,65.56218618,2306
2026-04-12 16:00:00+00:00,70917.7,70971.2,70848.4,70964.0,70920.7,31.3367757,1652
2026-04-12 17:00:00+00:00,70964.0,71222.0,70938.5,71150.0,71024.7,37.50514962,1866
2026-04-12 18:00:00+00:00,71163.1,71223.5,71089.8,71171.5,71182.8,33.80175426,1685
2026-04-12 19:00:00+00:00,71171.5,71253.7,71113.5,71119.9,71179.3,34.05110185,1438
2026-04-12 20:00:00+00:00,71119.9,71470.1,70970.9,71365.1,71241.2,63.34104047,2217
2026-04-12 21:00:00+00:00,71365.1,71467.9,71195.1,71357.8,71326.6,28.19659046,1533
2026-04-12 22:00:00+00:00,71379.1,71379.1,70517.7,70922.8,70823.6,113.5032613,3098
2026-04-12 23:00:00+00:00,70922.9,70922.9,70575.0,70754.1,70676.6,35.36240484,1809
2026-04-13 00:00:00+00:00,70754.1,71259.4,70630.4,71180.8,71029.1,57.34226268,2686
2026-04-13 01:00:00+00:00,71180.8,71238.7,71052.4,71204.5,71150.0,22.83943101,1638
2026-04-13 02:00:00+00:00,71204.6,71271.3,71007.5,71070.5,71109.4,14.14498986,1396
2026-04-13 03:00:00+00:00,71070.5,71150.0,70938.6,71001.4,71067.9,12.36757227,1192
2026-04-13 04:00:00+00:00,71001.4,71139.8,70858.8,70912.7,71009.1,30.87187156,1441
2026-04-13 05:00:00+00:00,70902.2,70913.0,70688.2,70873.8,70815.4,21.48387781,1393
2026-04-13 06:00:00+00:00,70879.9,71099.9,70879.9,71050.1,71027.9,13.58921734,1217
2026-04-13 07:00:00+00:00,71050.1,71060.0,70701.8,70832.3,70790.9,32.64183518,1461
2026-04-13 08:00:00+00:00,70832.4,70854.8,70595.6,70683.1,70714.4,67.59630167,1692
2026-04-13 09:00:00+00:00,70683.2,70900.0,70683.2,70790.0,70785.8,12.46649171,1290
2026-04-13 10:00:00+00:00,70790.0,70845.7,70691.6,70737.7,70713.5,41.30711673,1355
2026-04-13 11:00:00+00:00,70737.7,71001.7,70737.7,70948.1,70888.2,19.93649992,1331
2026-04-13 12:00:00+00:00,70948.1,71216.6,70777.6,71105.4,70981.2,61.247766,2481
2026-04-13 13:00:00+00:00,71105.4,71710.3,70833.3,71658.1,71288.2,216.19550191,3918
2026-04-13 14:00:00+00:00,71658.1,72435.1,71438.6,72435.1,72022.0,293.05046408,4718
2026-04-13 15:00:00+00:00,72435.1,72492.7,71690.1,71897.0,71988.2,112.14113428,3644
2026-04-13 16:00:00+00:00,71894.8,72450.0,71729.5,72234.0,72153.7,118.42145621,4183
2026-04-13 17:00:00+00:00,72234.0,72626.0,72105.5,72183.6,72389.4,80.59060755,3112
2026-04-13 18:00:00+00:00,72183.6,72505.3,72095.7,72458.2,72309.0,48.90757184,2643
2026-04-13 19:00:00+00:00,72458.2,73499.0,72327.0,73351.8,73026.0,265.82900678,5946
2026-04-13 20:00:00+00:00,73366.2,73421.9,73044.4,73202.5,73233.9,67.12332415,3598
2026-04-13 21:00:00+00:00,73202.5,73384.4,73129.2,73229.4,73252.0,44.67485306,2256
2026-04-13 22:00:00+00:00,73229.5,74747.9,73205.9,74657.5,74167.0,352.4274458,7725
2026-04-13 23:00:00+00:00,74657.5,74966.2,74440.9,74441.7,74711.2,187.23235862,5288
2026-04-14 00:00:00+00:00,74441.2,74529.9,74121.2,74161.0,74300.7,80.75673755,3356
2026-04-14 01:00:00+00:00,74174.5,74459.8,74025.7,74421.3,74315.6,70.00194771,2395
2026-04-14 02:00:00+00:00,74421.3,74592.8,74322.8,74370.4,74475.9,30.51085019,2050
2026-04-14 03:00:00+00:00,74370.4,74530.5,74300.1,74463.8,74406.9,45.65226879,1767
2026-04-14 04:00:00+00:00,74463.8,74529.3,74378.1,74401.2,74459.7,18.26991772,1608
2026-04-14 05:00:00+00:00,74401.2,74439.6,74195.2,74214.8,74363.7,77.93717405,1893
2026-04-14 06:00:00+00:00,74214.8,74580.6,74214.7,74555.9,74445.7,40.75287051,1918
2026-04-14 07:00:00+00:00,74556.0,74950.0,74396.2,74563.0,74551.9,165.728425,3159
2026-04-14 08:00:00+00:00,74565.7,74924.7,74488.4,74782.5,74744.1,53.73547222,2492
2026-04-14 09:00:00+00:00,74782.6,74868.3,74477.5,74546.8,74691.1,29.15317678,2100
2026-04-14 10:00:00+00:00,74546.9,74643.1,74366.2,74395.4,74530.0,32.68134355,2466
2026-04-14 11:00:00+00:00,74395.5,74466.0,74342.6,74405.3,74400.5,46.66757249,2583
2026-04-14 12:00:00+00:00,74405.3,74497.9,74307.0,74465.3,74388.6,32.71084745,2002
2026-04-14 13:00:00+00:00,74465.4,75582.8,74461.3,75575.6,75110.1,501.20240891,5982
2026-04-14 14:00:00+00:00,75581.0,76088.3,75071.9,75071.9,75643.6,681.08448418,7512
2026-04-14 15:00:00+00:00,75071.9,75492.6,74615.9,75357.7,75070.6,391.63278065,8248
2026-04-14 16:00:00+00:00,75357.7,75715.6,74559.7,74657.1,75276.8,134.63644848,3708
2026-04-14 17:00:00+00:00,74683.4,74970.3,74289.1,74779.1,74662.6,106.56287227,3204
2026-04-14 18:00:00+00:00,74781.7,74848.3,73858.9,74127.2,74386.0,145.09341573,3783
2026-04-14 19:00:00+00:00,74127.2,74423.0,73947.1,74265.1,74187.9,71.15315959,2500
2026-04-14 20:00:00+00:00,74265.0,74467.5,74046.3,74110.0,74248.9,123.92415941,2337
2026-04-14 21:00:00+00:00,74110.0,74330.3,73994.8,74300.6,74144.5,130.9421517,1761
2026-04-14 22:00:00+00:00,74307.5,74399.9,73865.8,74061.0,74114.1,48.88029178,1618
2026-04-14 23:00:00+00:00,74056.1,74263.0,74028.1,74171.4,74174.6,45.09426388,1686
2026-04-15 00:00:00+00:00,74171.4,74706.6,74144.5,74612.2,74548.6,57.4634679,2923
2026-04-15 01:00:00+00:00,74590.5,74793.5,74544.5,74650.7,74665.5,42.69515302,2490
2026-04-15 02:00:00+00:00,74650.7,74729.1,74228.0,74350.1,74481.8,36.64612733,1966
2026-04-15 03:00:00+00:00,74350.1,74396.8,74208.9,74360.5,74292.4,10.77553427,1277
2026-04-15 04:00:00+00:00,74360.5,74458.9,74307.4,74362.6,74378.1,21.39725562,1475
2026-04-15 05:00:00+00:00,74366.7,74456.1,73915.7,74044.3,74104.1,34.67584096,1644
2026-04-15 06:00:00+00:00,74044.4,74044.4,73906.3,73906.4,73983.5,31.59347418,1386
2026-04-15 07:00:00+00:00,73906.4,74018.0,73558.1,73769.8,73711.8,70.21696225,2630
2026-04-15 08:00:00+00:00,73769.9,74209.7,73718.7,74141.3,74057.4,38.14171342,1811
2026-04-15 09:00:00+00:00,74141.3,74209.7,73932.7,74044.7,74082.0,31.13271975,2001
2026-04-15 10:00:00+00:00,74044.7,74253.4,73830.4,73876.3,74044.3,29.73812802,2257
2026-04-15 11:00:00+00:00,73876.4,74262.4,73876.3,74220.0,74075.7,62.16160831,2500
2026-04-15 12:00:00+00:00,74221.8,74469.1,74068.7,74307.3,74271.7,47.23484599,2295
2026-04-15 13:00:00+00:00,74307.3,74440.9,73845.3,74064.5,74251.3,97.70362917,3703
2026-04-15 14:00:00+00:00,74064.6,74522.6,73845.3,74146.4,74332.1,242.77720129,4521
2026-04-15 15:00:00+00:00,74146.5,74332.6,73610.3,73839.9,73885.4,156.19593526,3900
2026-04-15 16:00:00+00:00,73839.9,74164.3,73779.4,73936.5,73994.8,37.55784549,3204
2026-04-15 17:00:00+00:00,73936.6,74235.7,73936.3,74134.1,74040.1,141.23782583,2778
2026-04-15 18:00:00+00:00,74134.2,74400.0,74106.0,74396.3,74258.8,224.94938041,2710
2026-04-15 19:00:00+00:00,74396.4,75280.0,74377.3,75004.9,74872.8,238.9056448,5065
2026-04-15 20:00:00+00:00,75011.2,75037.3,74537.8,74870.4,74766.0,126.173296,3313
2026-04-15 21:00:00+00:00,74870.5,74881.3,74547.8,74749.9,74710.6,71.75191872,1987
2026-04-15 22:00:00+00:00,74749.9,75438.8,74737.0,74980.6,75100.8,82.43466369,2888
2026-04-15 23:00:00+00:00,74990.3,74990.3,74650.0,74810.1,74748.7,61.83421838,1996
2026-04-16 00:00:00+00:00,74810.1,74856.0,74496.2,74815.3,74700.0,84.82568357,2246
2026-04-16 01:00:00+00:00,74819.9,74819.9,74475.0,74659.2,74626.0,12.15621947,1596
2026-04-16 02:00:00+00:00,74659.2,75253.1,74620.7,74919.1,74942.8,88.54522649,2682
2026-04-16 03:00:00+00:00,74913.6,75154.0,74887.3,74898.5,74965.5,21.6857304,1613
2026-04-16 04:00:00+00:00,74898.5,75167.7,74763.1,74963.5,74904.0,50.26307436,1871
2026-04-16 05:00:00+00:00,74963.6,75141.6,74921.9,75045.2,74995.5,25.8065493,1307
2026-04-16 06:00:00+00:00,75045.3,75100.0,74872.6,75028.9,75041.4,31.89261893,1509
2026-04-16 07:00:00+00:00,75029.0,75072.0,74656.9,74706.7,74820.8,19.54314369,1571
2026-04-16 08:00:00+00:00,74706.7,74745.1,74548.1,74676.3,74632.6,114.96286217,2303
2026-04-16 09:00:00+00:00,74676.3,74890.5,74599.6,74620.1,74789.0,21.86623267,1522
2026-04-16 10:00:00+00:00,74620.1,74642.2,74300.0,74317.2,74381.9,132.4772377,3061
2026-04-16 11:00:00+00:00,74317.2,74584.2,74302.2,74583.9,74453.8,48.03610828,1724
2026-04-16 12:00:00+00:00,74584.0,74854.5,74583.9,74630.8,74699.7,55.56944235,1934
2026-04-16 13:00:00+00:00,74630.8,75012.9,73310.6,73801.8,74333.3,351.24340428,5673
2026-04-16 14:00:00+00:00,73801.9,74185.4,73438.4,73969.9,73779.4,373.315452,5115
2026-04-16 15:00:00+00:00,73973.8,74880.5,73951.5,74730.9,74307.2,223.77471077,4670
2026-04-16 16:00:00+00:00,74730.9,74933.7,74099.9,74206.0,74569.7,139.65245594,4140
2026-04-16 17:00:00+00:00,74206.0,74458.7,73942.3,74345.9,74150.6,68.92457667,2714
2026-04-16 18:00:00+00:00,74345.9,75102.9,74247.1,75051.4,74802.0,187.9743548,3461
2026-04-16 19:00:00+00:00,75048.7,75419.9,74757.0,75374.5,75154.8,165.80025463,3747
2026-04-16 20:00:00+00:00,75374.6,75500.0,75025.7,75246.7,75291.0,129.17596621,2928
2026-04-16 21:00:00+00:00,75246.8,75287.8,74825.9,74941.0,75033.9,59.4599321,2140
2026-04-16 22:00:00+00:00,74948.6,75121.1,74849.4,74875.0,74957.1,18.05554041,1582
2026-04-16 23:00:00+00:00,74875.0,75187.9,74864.2,75162.9,75007.6,37.97537104,1845
2026-04-17 00:00:00+00:00,75162.9,75168.4,74930.0,74987.6,75015.8,26.48700803,1762
2026-04-17 01:00:00+00:00,74982.1,75051.0,74580.7,74778.2,74748.9,57.80306704,2315
2026-04-17 02:00:00+00:00,74778.2,74799.9,74569.8,74699.6,74686.5,11.73106911,1437
2026-04-17 03:00:00+00:00,74699.6,74834.4,74630.1,74630.1,74735.1,12.87141007,1220
2026-04-17 04:00:00+00:00,74630.1,74849.9,74617.0,74787.5,74725.1,9.76957384,1124
2026-04-17 05:00:00+00:00,74787.6,74804.1,74574.4,74665.0,74698.1,23.29103815,1249
2026-04-17 06:00:00+00:00,74665.0,74952.6,74635.6,74935.6,74804.8,31.14975914,1239
2026-04-17 07:00:00+00:00,74939.9,75090.5,74939.9,75064.0,75024.8,19.67280557,1476
2026-04-17 08:00:00+00:00,75071.1,75882.7,75008.4,75755.2,75508.9,94.94245615,3037
2026-04-17 09:00:00+00:00,75769.9,76384.3,75538.6,75799.3,75998.0,239.28496793,4146
2026-04-17 10:00:00+00:00,75795.3,75900.0,75126.2,75299.6,75463.9,135.719135,2999
2026-04-17 11:00:00+00:00,75299.7,75620.6,75259.4,75610.9,75454.0,37.92760667,1797
2026-04-17 12:00:00+00:00,75613.1,76300.3,75563.0,76266.0,75954.0,153.25973085,3234
2026-04-17 13:00:00+00:00,76266.0,77486.9,76102.0,77354.3,76800.4,490.21990396,9292
2026-04-17 14:00:00+00:00,77380.4,78092.8,77060.5,77943.0,77739.3,418.52956916,7582
2026-04-17 15:00:00+00:00,77943.0,78037.0,77500.0,77834.2,77814.6,273.34898627,4334
2026-04-17 16:00:00+00:00,77825.6,78343.6,77773.6,77893.6,78092.4,266.85437758,4886
2026-04-17 17:00:00+00:00,77893.6,77929.8,77151.4,77555.4,77490.5,174.54939929,4262
2026-04-17 18:00:00+00:00,77555.3,77601.5,77118.1,77201.3,77296.2,116.17275324,3630
2026-04-17 19:00:00+00:00,77194.7,77500.0,77053.8,77450.1,77370.8,149.71295727,3709
2026-04-17 20:00:00+00:00,77450.1,77651.7,77200.1,77376.2,77483.1,63.89572398,2595
2026-04-17 21:00:00+00:00,77376.2,77500.0,77307.1,77480.1,77428.9,45.4067621,1953
2026-04-17 22:00:00+00:00,77480.1,77544.2,77308.2,77330.7,77434.6,38.479166,2122
2026-04-17 23:00:00+00:00,77330.7,77330.7,76882.5,77117.4,77054.6,103.91468229,2239
2026-04-18 00:00:00+00:00,77117.4,77273.8,77025.9,77186.0,77163.0,28.5804987,2012
2026-04-18 01:00:00+00:00,77185.9,77359.0,77153.0,77247.7,77275.8,25.41741412,1626
2026-04-18 02:00:00+00:00,77247.7,77432.1,77163.9,77326.4,77317.9,12.86713829,1333
2026-04-18 03:00:00+00:00,77326.5,77326.5,77007.3,77010.4,77179.4,11.65983545,1107
2026-04-18 04:00:00+00:00,77010.4,77194.1,76938.8,77154.0,77047.4,26.83395079,1262
2026-04-18 05:00:00+00:00,77154.1,77279.9,77152.2,77174.7,77214.1,18.41361338,1027
2026-04-18 06:00:00+00:00,77174.8,77233.1,77081.3,77151.3,77158.9,12.07781768,902
2026-04-18 07:00:00+00:00,77151.3,77151.3,76929.0,76999.7,77064.6,19.60118259,1183
2026-04-18 08:00:00+00:00,76999.8,77041.5,76533.1,76766.2,76763.4,83.77842632,2377
2026-04-18 09:00:00+00:00,76766.3,76766.3,76452.2,76619.9,76586.1,67.62289123,1803
2026-04-18 10:00:00+00:00,76619.9,76619.9,76160.4,76194.1,76341.7,78.9219355,2225
2026-04-18 11:00:00+00:00,76197.0,76199.9,75802.0,76068.5,75983.0,71.92394333,2522
2026-04-18 12:00:00+00:00,76068.5,76305.5,76068.5,76232.0,76219.9,40.09213373,1760
2026-04-18 13:00:00+00:00,76232.1,76232.1,75827.8,76150.0,76004.8,64.12576322,1870
2026-04-18 14:00:00+00:00,76143.4,76298.3,76014.3,76281.2,76216.4,31.65283198,1877
2026-04-18 15:00:00+00:00,76281.3,76397.1,76053.0,76200.7,76233.1,29.60636827,1972
2026-04-18 16:00:00+00:00,76200.7,76242.6,75734.7,75972.7,75992.1,77.99954139,2567
2026-04-18 17:00:00+00:00,75972.7,75974.0,75820.4,75856.8,75904.2,22.38032444,2238
2026-04-18 18:00:00+00:00,75856.8,75856.8,75500.0,75682.3,75650.8,68.20840873,3717
2026-04-18 19:00:00+00:00,75682.3,75816.1,75618.0,75686.8,75711.1,11.97884887,2553
2026-04-18 20:00:00+00:00,75686.9,75868.2,75629.9,75786.5,75772.1,26.59390382,2160
2026-04-18 21:00:00+00:00,75786.5,75869.8,75635.5,75842.6,75782.7,10.86478272,1432
2026-04-18 22:00:00+00:00,75842.6,75883.0,75651.7,75850.0,75760.1,21.19553131,1339
2026-04-18 23:00:00+00:00,75850.1,75905.9,75728.7,75728.8,75823.0,11.23245332,966
2026-04-19 00:00:00+00:00,75728.8,75863.5,75595.4,75699.2,75729.6,25.50193069,1235
2026-04-19 01:00:00+00:00,75699.2,75808.6,75514.0,75643.5,75616.1,18.031394,1100
2026-04-19 02:00:00+00:00,75643.5,75736.9,75454.5,75538.5,75527.9,71.38801187,1367
2026-04-19 03:00:00+00:00,75538.5,75662.7,75407.3,75554.7,75517.1,28.47335546,1207
2026-04-19 04:00:00+00:00,75554.8,75802.1,75459.7,75688.1,75677.9,19.66780976,1306
2026-04-19 05:00:00+00:00,75688.1,75689.9,75563.9,75580.6,75642.1,9.41824532,823
2026-04-19 06:00:00+00:00,75580.6,75580.6,75334.4,75412.9,75455.7,20.52497839,1101
2026-04-19 07:00:00+00:00,75412.9,75412.9,74934.4,75295.4,75126.0,81.20807881,2449
2026-04-19 08:00:00+00:00,75295.5,75309.9,75139.8,75282.3,75237.9,24.73661471,1044
2026-04-19 09:00:00+00:00,75282.3,75289.9,74963.6,75047.1,75104.6,12.15264332,1222
2026-04-19 10:00:00+00:00,75047.1,75265.0,74987.8,75264.9,75067.5,27.73252522,1197
2026-04-19 11:00:00+00:00,75265.0,75647.8,75264.9,75626.5,75474.0,31.93617746,1703
2026-04-19 12:00:00+00:00,75626.5,75725.2,75458.4,75625.4,75630.1,38.37872309,1597
2026-04-19 13:00:00+00:00,75625.4,76274.6,75611.2,75950.7,75975.4,58.19150532,2705
2026-04-19 14:00:00+00:00,75950.7,76167.6,75724.9,76055.1,75928.0,28.18865509,2283
2026-04-19 15:00:00+00:00,76055.1,76192.5,75450.0,75865.7,75871.5,21.23583003,2600
2026-04-19 16:00:00+00:00,75865.7,75882.4,75345.1,75395.0,75585.4,37.18372979,2162
2026-04-19 17:00:00+00:00,75395.1,75410.1,74678.9,74818.2,75055.4,122.21002081,3278
2026-04-19 18:00:00+00:00,74819.9,74916.6,74640.6,74801.2,74776.9,85.88869357,2027
2026-04-19 19:00:00+00:00,74804.3,75084.9,74804.3,75005.2,74961.9,48.87633862,1456
2026-04-19 20:00:00+00:00,74984.5,74984.5,74447.4,74660.5,74723.9,73.57177442,2205
2026-04-19 21:00:00+00:00,74660.5,74835.6,74409.9,74451.5,74620.0,21.40511942,1496
2026-04-19 22:00:00+00:00,74451.6,74451.6,73809.7,74088.8,74057.3,184.08761671,3924
2026-04-19 23:00:00+00:00,74080.1,74080.1,73827.6,73827.6,73938.2,64.33199588,1879
2026-04-20 00:00:00+00:00,73827.6,74373.0,73637.3,74315.2,73910.4,88.37306218,2833
2026-04-20 01:00:00+00:00,74314.6,74766.5,74249.1,74622.5,74535.6,43.80040424,2161
2026-04-20 02:00:00+00:00,74622.6,74664.0,74336.5,74441.1,74491.2,39.46281702,2053
2026-04-20 03:00:00+00:00,74441.1,74669.9,74388.3,74669.1,74523.9,14.22105816,1193
2026-04-20 04:00:00+00:00,74669.1,74669.7,74476.1,74587.2,74527.9,13.2751132,1042
2026-04-20 05:00:00+00:00,74587.2,74587.2,74146.6,74300.6,74274.1,45.80411809,1640
2026-04-20 06:00:00+00:00,74300.6,74906.8,74284.9,74733.5,74697.5,67.19938123,1777
